Date and time,Media posted,Type,Promoted,Likes,Likes organic,Likes paid,Comments,Comments organic,Comments paid,Saves,Impressions,Impressions organic,Impressions paid,Reach,Reach organic,Reach paid,Views,Reach rate,Reach rate organic,Reach rate paid,Engagement rate,Engagement rate organic,Engagement rate paid,Engagement on reach,Engagement on reach organic,Engagement on reach paid,Love rate,Talk rate,Number of tags,Filter,Instagram URL,Media direct URL,Location,Fecha,Hora,Dia,Mes,VTR
2019/03/08 13:00:18,0.0,photo,no,15,15,0,1,1,0,2,362,362,0,286,286,0,0.0,0.1099577085736255,0.1099577085736255,0,0.006920415224913495,0.006920415224913495,0,0.06293706293706293,0.06293706293706293,0,0.005767012687427913,0.0003844675124951941,0,0.0,https://www.instagram.com/p/BuwNUY3AogW/,https://scontent.xx.fbcdn.net/v/t51.2885-15/54248003_2100549653569698_3607441118471474364_n.jpg?_nc_cat=109&_nc_oc=AQkGqe9wI4Z3ULFQhV5v_XkNsWGsCkLCaRnCUepzc9nBX89Y9ILxPcBUL7XVZ1dP5EU&_nc_ht=scontent.xx&oh=f5e26133e0b1ac991cabeff35599b139&oe=5DB3ACF4,0.0,2019-03-08,13,Viernes,3,0.0
2019/03/08 13:01:17,0.0,photo,no,30,30,0,3,3,0,2,600,600,0,436,436,0,0.0,0.1676278354479047,0.1676278354479047,0,0.01345636293733179,0.01345636293733179,0,0.08027522935779816,0.08027522935779816,0,0.01153402537485583,0.001153402537485582,0,0.0,https://www.instagram.com/p/BuwNbpFlhq4/,https://scontent.xx.fbcdn.net/v/t51.2885-15/52872394_2403618572995237_4575970965200063429_n.jpg?_nc_cat=102&_nc_oc=AQmsFTKJ8zmRvdBfvjBYP3Wn6XN0U-7xccGvlUmz_sFfQ93O3gVZ5joPyx5gxxeeS0o&_nc_ht=scontent.xx&oh=f45005b1846c43a54637b44f6ee50f0d&oe=5DBF0DC9,0.0,2019-03-08,13,Viernes,3,0.0
2019/03/08 13:37:47,0.0,photo,no,16,16,0,3,3,0,2,372,372,0,291,291,0,0.0,0.1119230769230769,0.1119230769230769,0,0.008076923076923077,0.008076923076923077,0,0.07216494845360825,0.07216494845360825,0,0.006153846153846154,0.001153846153846154,0,0.0,https://www.instagram.com/p/BuwRm7GAXbG/,https://scontent.xx.fbcdn.net/v/t51.2885-15/54247499_2797332153825680_2054457144541182506_n.jpg?_nc_cat=110&_nc_oc=AQmupcl3wcVbtF_AUdsFIfguaSzKWO4fAMP0Gy_VbfWJ1mlxHA9qF5FFn4Hit9Nj814&_nc_ht=scontent.xx&oh=351fb670d18cf898c880b085fb18d177&oe=5DBDF266,0.0,2019-03-08,13,Viernes,3,0.0
2019/03/11 17:47:09,0.0,video,no,24,24,0,2,2,0,2,634,634,0,474,474,0,122.0,0.181957773512476,0.181957773512476,0,0.01074856046065259,0.01074856046065259,0,0.05907172995780591,0.05907172995780591,0,0.009213051823416507,0.0007677543186180422,0,0.0,https://www.instagram.com/p/Bu4cf5PBHio/,https://scontent.xx.fbcdn.net/v/t51.2885-15/52385036_330052017623720_1382659345673039953_n.jpg?_nc_cat=100&_nc_oc=AQkZfZEVR_uROLPYwfAPYosoBmvGZwR9SEwtKLTmxDkfzQB0BhONBynKjGGTTinrAKs&_nc_ht=scontent.xx&oh=f4eedc862dd602cf69757e10dcc6b919&oe=5D7B7C46,0.0,2019-03-11,17,Lunes,3,0.25738396624472576
2019/03/12 14:55:53,0.0,photo,no,24,24,0,3,3,0,0,527,527,0,409,409,0,0.0,0.1568251533742331,0.1568251533742331,0,0.01035276073619632,0.01035276073619632,0,0.06601466992665037,0.06601466992665037,0,0.009202453987730062,0.001150306748466258,0,0.0,https://www.instagram.com/p/Bu6tuY7BM3z/,https://scontent.xx.fbcdn.net/v/t51.2885-15/52476632_259603078275940_8920693595874641894_n.jpg?_nc_cat=111&_nc_oc=AQmFU4tl_eNl-Ca2ybZX8LvHMF8cbW2rExH0Mz_LUjEIV65HTtF4XYdssxuW1Rpv9z8&_nc_ht=scontent.xx&oh=467ac80a871cbf80c562f33799f0d826&oe=5DC3CFE1,0.0,2019-03-12,14,Martes,3,0.0
2019/03/13 18:27:54,0.0,video,no,16,16,0,1,1,0,1,793,793,0,503,503,0,171.0,0.1917651544033549,0.1917651544033549,0,0.006862371330537552,0.006862371330537552,0,0.03578528827037773,0.03578528827037773,0,0.006099885627144491,0.0003812428516965307,0,0.0,https://www.instagram.com/p/Bu9j4D6BlAf/,https://scontent.xx.fbcdn.net/v/t51.2885-15/53577805_2385661435002523_207837343211984547_n.jpg?_nc_cat=105&_nc_oc=AQlc-dWv8eiAA9pB6tt9V_cHYAjbQ1Fb-Sws2UguIXes1fnZCFiG_nY4Lvo_7YZ6e9M&_nc_ht=scontent.xx&oh=834441f0004ad0d564d036ecf75984f5&oe=5DBCBEA8,0.0,2019-03-13,18,Miércoles,3,0.3399602385685885
2019/03/14 17:32:02,0.0,photo,no,21,21,0,1,1,0,2,644,644,0,529,529,0,0.0,0.2017543859649123,0.2017543859649123,0,0.009153318077803204,0.009153318077803204,0,0.04536862003780718,0.04536862003780718,0,0.008009153318077803,0.0003813882532418002,0,0.0,https://www.instagram.com/p/BvAJL1UgTvv/,https://scontent.xx.fbcdn.net/v/t51.2885-15/54198856_569674970109120_8674837246372358663_n.jpg?_nc_cat=100&_nc_oc=AQlB0nlTz4-sf-O3ns9nEvyJzlkeh1nWC4kCwiwSkJs2fKMwjawhxZK0Faqfb8SUiN0&_nc_ht=scontent.xx&oh=acde73a02d306dd7071a52fc98d9a61e&oe=5D7D5569,0.0,2019-03-14,17,Jueves,3,0.0
2019/03/14 17:32:16,0.0,photo,no,28,28,0,1,1,0,2,504,504,0,409,409,0,0.0,0.1559877955758963,0.1559877955758963,0,0.0118230358504958,0.0118230358504958,0,0.07579462102689487,0.07579462102689487,0,0.0106788710907704,0.0003813882532418002,0,0.0,https://www.instagram.com/p/BvAJNnjAyjv/,https://scontent.xx.fbcdn.net/v/t51.2885-15/52688868_2290566671221509_1191869632450480850_n.jpg?_nc_cat=100&_nc_oc=AQkGQ3JC31iDiXEgXVrFoHeK0TpgtvZ6s_zBwJ51J_pSl4CCWdRFSySeabwqLKmGP88&_nc_ht=scontent.xx&oh=9cf01b1a6a5594895f6e67c530e43efd&oe=5DBF24C3,0.0,2019-03-14,17,Jueves,3,0.0
2019/03/14 17:32:42,0.0,photo,no,32,32,0,7,7,0,3,677,677,0,524,524,0,0.0,0.1998474446987033,0.1998474446987033,0,0.01601830663615561,0.01601830663615561,0,0.0801526717557252,0.0801526717557252,0,0.01220442410373761,0.002669717772692601,0,0.0,https://www.instagram.com/p/BvAJQ0MAeV0/,https://scontent.xx.fbcdn.net/v/t51.2885-15/52723483_1441491195986296_2845280781637057385_n.jpg?_nc_cat=104&_nc_oc=AQnS64kL-lUJPMg5lX542OUTQgi1pe1CCXJmiYbyeqdV3hR6Ch4uzwd8um4mf4qsnpA&_nc_ht=scontent.xx&oh=1c7b87c94cb17eb0b1963ad8222e92b2&oe=5DBA397A,0.0,2019-03-14,17,Jueves,3,0.0
2019/03/19 12:52:20,0.0,photo,no,15,15,0,1,1,0,1,419,419,0,337,337,0,0.0,0.1273139403097847,0.1273139403097847,0,0.006422364941443143,0.006422364941443143,0,0.05044510385756676,0.05044510385756676,0,0.005666792595391009,0.0003777861730260672,0,0.0,https://www.instagram.com/p/BvMhJo4hXjg/,https://scontent.xx.fbcdn.net/v/t51.2885-15/54248075_362244174630184_1646698467287599322_n.jpg?_nc_cat=104&_nc_oc=AQnvp9Xt-VE0gIPmX4DbeH9W8JJkCprsKpYjItmCzUqlkHHDqZ9929EfY5ndCD2C0IY&_nc_ht=scontent.xx&oh=05b3186f230c52b7698cc6c9aa28541f&oe=5DB62D14,0.0,2019-03-19,12,Martes,3,0.0
2019/03/20 17:16:43,0.0,photo,no,38,38,0,1,1,0,1,657,657,0,502,502,0,0.0,0.1894339622641509,0.1894339622641509,0,0.01509433962264151,0.01509433962264151,0,0.0796812749003984,0.0796812749003984,0,0.01433962264150943,0.0003773584905660377,1,0.0,https://www.instagram.com/p/BvPkM4lBGNW/,https://scontent.xx.fbcdn.net/v/t51.2885-15/54511441_147069802994351_411124879407406762_n.jpg?_nc_cat=108&_nc_oc=AQmxR7VrCtDZNTQ-ozxJSWznhtq37V0hPaCbFrmFUanJlo6a81-i5idbA4RG7gf6mkY&_nc_ht=scontent.xx&oh=c8947f6ddd5a2b8fa7ef4da4754efd98&oe=5DBC834C,0.0,2019-03-20,17,Miércoles,3,0.0
2019/03/22 16:14:24,0.0,video,no,36,36,0,8,8,0,0,816,816,0,617,617,0,168.0,0.2311727238666167,0.2311727238666167,0,0.01648557512176845,0.01648557512176845,0,0.0713128038897893,0.0713128038897893,0,0.01348819782690146,0.002997377294866991,21,0.0,https://www.instagram.com/p/BvUmn7dhlrl/,https://scontent.xx.fbcdn.net/v/t51.2885-15/53563176_1309805305833170_4888101207086235432_n.jpg?_nc_cat=104&_nc_oc=AQmxdEXtzSBOI2ipQk2Dsk3dmK6aOljYKQFSvOcxYl_3UeW_p8jr_evfhNcVjJvXxOk&_nc_ht=scontent.xx&oh=9d9a6f2db0a74134c6d72fadfc95ee69&oe=5DB827BD,0.0,2019-03-22,16,Viernes,3,0.27228525121555913
2019/03/26 13:13:21,0.0,photo,no,23,23,0,6,6,0,2,783,783,0,621,621,0,0.0,0.2308550185873606,0.2308550185873606,0,0.01152416356877323,0.01152416356877323,0,0.0499194847020934,0.0499194847020934,0,0.008550185873605948,0.002230483271375465,15,0.0,https://www.instagram.com/p/BvelHtBB8gq/,https://scontent.xx.fbcdn.net/v/t51.2885-15/53586732_403590486886280_1293071965907328166_n.jpg?_nc_cat=110&_nc_oc=AQnVSVtYKsPA5KyvkfjP6v2bDvwB9lL954GWNsmT4QKGqZeWUYAg3tdc-t0M38zwC4k&_nc_ht=scontent.xx&oh=d858f1d29e7fbba48c6d6504fbaf8113&oe=5D7C64C2,0.0,2019-03-26,13,Martes,3,0.0
2019/03/26 13:13:36,0.0,photo,no,17,17,0,3,3,0,1,339,339,0,279,279,0,0.0,0.1037174721189591,0.1037174721189591,0,0.007806691449814126,0.007806691449814126,0,0.07526881720430108,0.07526881720430108,0,0.006319702602230483,0.001115241635687732,15,0.0,https://www.instagram.com/p/BvelJipBcY-/,https://scontent.xx.fbcdn.net/v/t51.2885-15/54247615_601401183668007_7980604704461961317_n.jpg?_nc_cat=111&_nc_oc=AQkUckRjhN9e-9ZVlFxnmzyyCcTNsvEc5JGR2OpN_z0_GoeAuREQxv5cRV6sfvYf_u8&_nc_ht=scontent.xx&oh=4bf9edd66e67f9cb6d3e47e19d530543&oe=5D8646D7,0.0,2019-03-26,13,Martes,3,0.0
2019/03/26 13:13:48,0.0,photo,no,17,17,0,9,9,0,2,420,420,0,334,334,0,0.0,0.1241635687732342,0.1241635687732342,0,0.0104089219330855,0.0104089219330855,0,0.08383233532934131,0.08383233532934131,0,0.006319702602230483,0.003345724907063197,15,0.0,https://www.instagram.com/p/BvelK__BpYY/,https://scontent.xx.fbcdn.net/v/t51.2885-15/53412689_665108153924775_5705558818899913145_n.jpg?_nc_cat=108&_nc_oc=AQmFvE-SnLjERx3dWpfBc0jnJS-WPHD5HFXvbyiFS1JBfcNkMWDdCDGnaOicKiRRyN0&_nc_ht=scontent.xx&oh=5eecaffa90976c4ec762629737304fe7&oe=5DBF1F58,0.0,2019-03-26,13,Martes,3,0.0
2019/03/27 19:02:53,0.0,photo,no,43,43,0,10,10,0,0,872,872,0,683,683,0,0.0,0.2524020694752402,0.2524020694752402,0,0.01958610495195861,0.01958610495195861,0,0.07759882869692533,0.07759882869692533,0,0.01589061345158906,0.003695491500369549,17,0.0,https://www.instagram.com/p/Bvhx6nYh5-w/,https://scontent.xx.fbcdn.net/v/t51.2885-15/53871689_372357970018411_4025688794289646565_n.jpg?_nc_cat=110&_nc_oc=AQli0v3swWSNW4T7EnnrUfdRPVqUwyrxUN3xaEcIJEEH6VX4yPwImgMoAT03_V1T1o4&_nc_ht=scontent.xx&oh=3b340ffd08a4f1b522184569f975a79e&oe=5DB79F8E,0.0,2019-03-27,19,Miércoles,3,0.0
2019/03/29 13:18:21,0.0,video,no,24,24,0,3,3,0,0,490,490,0,377,377,0,99.0,0.139320029563932,0.139320029563932,0,0.009977827050997782,0.009977827050997782,0,0.07161803713527852,0.07161803713527852,0,0.008869179600886918,0.001108647450110865,16,0.0,https://www.instagram.com/p/BvmT1QqBeRb/,https://scontent.xx.fbcdn.net/v/t51.2885-15/54512968_323022571740736_1289532320344323569_n.jpg?_nc_cat=111&_nc_oc=AQm2Lwp9JChajhYvGqIC1QBA_6U_xzAgPM2nTcfVNZ1VXhqyCd4jR2jOkmlE8uyP1GQ&_nc_ht=scontent.xx&oh=a127129c9c413204945b8fe1ce1ad327&oe=5DC58562,0.0,2019-03-29,13,Viernes,3,0.2625994694960212
2019/04/02 13:32:25,0.0,photo,no,15,15,0,1,1,0,1,302,302,0,247,247,0,0.0,0.0910095799557848,0.0910095799557848,0,0.006263817243920413,0.006263817243920413,0,0.06882591093117409,0.06882591093117409,0,0.00552689756816507,0.0003684598378776714,14,0.0,https://www.instagram.com/p/Bvwo3jJnLGE/,https://scontent.xx.fbcdn.net/v/t51.2885-15/54510989_178705216445763_1479574920920196178_n.jpg?_nc_cat=102&_nc_oc=AQnxwZDhT4bqaVdksbtyjKTkNJiUf2gBwaeE9MUFbsxywh2bUyvZroFR81c0BIdiJC4&_nc_ht=scontent.xx&oh=d7eb89b35d93dfd7b1d8f22425758e3b&oe=5D791ECD,0.0,2019-04-02,13,Martes,4,0.0
2019/04/02 13:32:47,0.0,photo,no,15,15,0,1,1,0,1,293,293,0,230,230,0,0.0,0.08474576271186439,0.08474576271186439,0,0.006263817243920413,0.006263817243920413,0,0.07391304347826087,0.07391304347826087,0,0.00552689756816507,0.0003684598378776714,15,0.0,https://www.instagram.com/p/Bvwo6K2nR4b/,https://scontent.xx.fbcdn.net/v/t51.2885-15/55817187_2288815214708073_4883383634002883104_n.jpg?_nc_cat=103&_nc_oc=AQlsN7kGBDn70-l-2wQ0lphgkGFk3RQcMuXaccrg55YepGU4OI2nDgezAa4rAgbbq0A&_nc_ht=scontent.xx&oh=4a6103007d0f3dfb9d40476e0f89e974&oe=5DC1B479,0.0,2019-04-02,13,Martes,4,0.0
2019/04/02 13:33:16,0.0,photo,no,16,16,0,1,1,0,1,479,479,0,395,395,0,0.0,0.1455416359616802,0.1455416359616802,0,0.006632277081798084,0.006632277081798084,0,0.04556962025316456,0.04556962025316456,0,0.005895357406042741,0.0003684598378776714,18,0.0,https://www.instagram.com/p/Bvwo9xEHRBl/,https://scontent.xx.fbcdn.net/v/t51.2885-15/54731620_160062741657689_6879405949221231600_n.jpg?_nc_cat=105&_nc_oc=AQm8lc7RaTHJt-4HlHpQZUEG8VxKHlfuah52HjN40ym9kHVsOLIfYSPrPzfL_ogu2Ps&_nc_ht=scontent.xx&oh=d51e903c33d2c1c6b38903d6e445c6b5&oe=5D82CAD9,0.0,2019-04-02,13,Martes,4,0.0
2019/04/03 18:32:33,0.0,photo,no,8,8,0,0,0,0,1,257,257,0,212,212,0,0.0,0.07791253215729511,0.07791253215729511,0,0.00330760749724366,0.00330760749724366,0,0.04245283018867925,0.04245283018867925,0,0.002940095553105476,0.0,16,0.0,https://www.instagram.com/p/BvzwApBFy4Q/,https://scontent.xx.fbcdn.net/v/t51.2885-15/54446565_2080341752265997_3783793537542987869_n.jpg?_nc_cat=105&_nc_oc=AQlJd5VJ-ElWVCDs4N7v0qBw2F9ljt7O5Z1lFQe6UFhv9ca2OfvHZ6r2lP4vr2SR1zk&_nc_ht=scontent.xx&oh=42e2f0a39240ee6cb33f7e87f8bc61b0&oe=5D7BACFD,0.0,2019-04-03,18,Miércoles,4,0.0
2019/04/03 18:32:50,0.0,photo,no,9,9,0,0,0,0,2,293,293,0,225,225,0,0.0,0.08269018743109151,0.08269018743109151,0,0.00404263138552003,0.00404263138552003,0,0.04888888888888889,0.04888888888888889,0,0.00330760749724366,0.0,16,0.0,https://www.instagram.com/p/BvzwCvgl1fo/,https://scontent.xx.fbcdn.net/v/t51.2885-15/54511484_128196458268419_5106435566084416648_n.jpg?_nc_cat=103&_nc_oc=AQmEjH1MgjWwyb6UQQDRoQmk90BkXod8iJerM8SjiP7Jo2nTZJ1VHSc-II0nCo6NkEw&_nc_ht=scontent.xx&oh=0ffce10013b7990ef1241048ea0ef730&oe=5DB010D7,0.0,2019-04-03,18,Miércoles,4,0.0
2019/04/03 18:34:16,0.0,photo,no,22,22,0,0,0,0,1,419,419,0,326,326,0,0.0,0.1198088937890481,0.1198088937890481,0,0.008452774715178243,0.008452774715178243,0,0.0705521472392638,0.0705521472392638,0,0.00808526277104006,0.0,16,0.0,https://www.instagram.com/p/BvzwNPTFKAJ/,https://scontent.xx.fbcdn.net/v/t51.2885-15/54266498_196448457999833_1271458064863900233_n.jpg?_nc_cat=100&_nc_oc=AQl6bCXYhVVNLUyMwLw90nv8J88a7RI4aY0nNLN6RdX-ij2UpcF0txfTdBuYE95TGJI&_nc_ht=scontent.xx&oh=125dfe6dcd5799c2f7aa558c6e496e8c&oe=5DB36FAC,0.0,2019-04-03,18,Miércoles,4,0.0
2019/04/04 16:57:34,0.0,photo,no,16,16,0,0,0,0,1,245,245,0,187,187,0,0.0,0.06862385321100918,0.06862385321100918,0,0.006238532110091743,0.006238532110091743,0,0.09090909090909091,0.09090909090909091,0,0.005871559633027523,0.0,17,0.0,https://www.instagram.com/p/Bv2J7xXF09F/,https://scontent.xx.fbcdn.net/v/t51.2885-15/54510794_409844423163843_6229725346108812413_n.jpg?_nc_cat=107&_nc_oc=AQkEJsJKH5r8WR6jlzhy25UXkhB4jwly3jIi99XSXQrPsDeVUgcVkEuWvGQMpfGKSSY&_nc_ht=scontent.xx&oh=fe875bf1c937982e3fa3e39ab4283d4f&oe=5DB823BA,0.0,2019-04-04,16,Jueves,4,0.0
2019/04/04 16:57:44,0.0,photo,no,25,25,0,0,0,0,1,368,368,0,288,288,0,0.0,0.1056880733944954,0.1056880733944954,0,0.009541284403669725,0.009541284403669725,0,0.09027777777777779,0.09027777777777779,0,0.009174311926605505,0.0,17,0.0,https://www.instagram.com/p/Bv2J9D-FT-e/,https://scontent.xx.fbcdn.net/v/t51.2885-15/53837173_155942022085662_686251457031519904_n.jpg?_nc_cat=102&_nc_oc=AQnGfIn1JmSi_lf7SDwAymcV_tUeIyG8ikJFyVaZpblpoqF1tdKA8iNVI680uaDaICU&_nc_ht=scontent.xx&oh=35d39e12eaa72ab939ce40a6db3ae753&oe=5DB70647,0.0,2019-04-04,16,Jueves,4,0.0
2019/04/04 16:58:23,0.0,photo,no,20,20,0,0,0,0,3,411,411,0,309,309,0,0.0,0.113394495412844,0.113394495412844,0,0.008440366972477064,0.008440366972477064,0,0.0744336569579288,0.0744336569579288,0,0.007339449541284404,0.0,17,0.0,https://www.instagram.com/p/Bv2KBvdleZY/,https://scontent.xx.fbcdn.net/v/t51.2885-15/54731932_2206786602697888_2978742567005771641_n.jpg?_nc_cat=107&_nc_oc=AQlDvRAJ9D5w0MBcE0SnL39f2LlWDgMTjkRCzfDqcnXbyyQeDAnacx0nAHorU14JBvI&_nc_ht=scontent.xx&oh=4b601a75b10e00cb39bb1e071b708382&oe=5DB754D1,0.0,2019-04-04,16,Jueves,4,0.0
2019/04/08 16:57:19,0.0,photo,no,14,14,0,0,0,0,1,388,388,0,308,308,0,0.0,0.1126554498902707,0.1126554498902707,0,0.005486466715435259,0.005486466715435259,0,0.0487012987012987,0.0487012987012987,0,0.005120702267739575,0.0,20,0.0,https://www.instagram.com/p/BwAdFerFfb0/,https://scontent.xx.fbcdn.net/v/t51.2885-15/56263010_2267092976842177_7257081014397866666_n.jpg?_nc_cat=102&_nc_oc=AQmhZtfV7kGb-ZP9x__9qIiuJyCGoQqf1GNGWRz1SBJvF_pWiqsmwTfhcIK2VkB3rZ0&_nc_ht=scontent.xx&oh=6f4100c3eb9d89c1cfdbd53d8e79e6a2&oe=5DC30059,0.0,2019-04-08,16,Lunes,4,0.0
2019/04/08 16:57:30,0.0,photo,no,18,18,0,0,0,0,1,351,351,0,298,298,0,0.0,0.1089978054133138,0.1089978054133138,0,0.006949524506217996,0.006949524506217996,0,0.06375838926174497,0.06375838926174497,0,0.006583760058522312,0.0,20,0.0,https://www.instagram.com/p/BwAdG17lRGA/,https://scontent.xx.fbcdn.net/v/t51.2885-15/54512302_1038850589654239_6239925236075482813_n.jpg?_nc_cat=110&_nc_oc=AQkfsWhqOWxWJTKod_cPGS5zVynS2zm_fprFLMSPAdZBs3LwLofOcBrxTE3T97NzqsY&_nc_ht=scontent.xx&oh=8f30cb2b41cd79925a36be6f46b82937&oe=5DABB283,0.0,2019-04-08,16,Lunes,4,0.0
2019/04/08 16:57:51,0.0,photo,no,18,18,0,0,0,0,1,316,316,0,273,273,0,0.0,0.09989023051591657,0.09989023051591657,0,0.006952067325283571,0.006952067325283571,0,0.0695970695970696,0.0695970695970696,0,0.006586169045005489,0.0,21,0.0,https://www.instagram.com/p/BwAdJXblAy6/,https://scontent.xx.fbcdn.net/v/t51.2885-15/56508848_2495606270472221_2400485244466031782_n.jpg?_nc_cat=105&_nc_oc=AQlRAk3UYAI08t3YMdOVtCJMfLTU3r6KHONv-4Mg12HgJrxTy3m_kiqzYwqMZLeP644&_nc_ht=scontent.xx&oh=8ae2d15ad6e8a7b3e308302d4494aaa9&oe=5DBEB89F,0.0,2019-04-08,16,Lunes,4,0.0
2019/04/09 13:15:38,0.0,photo,no,19,19,0,3,3,0,1,368,368,0,303,303,0,0.0,0.1103021477975974,0.1103021477975974,0,0.008372770294867127,0.008372770294867127,0,0.07590759075907591,0.07590759075907591,0,0.00691663633054241,0.001092100473243538,20,0.0,https://www.instagram.com/p/BwCogvSlQAU/,https://scontent.xx.fbcdn.net/v/t51.2885-15/54800671_317269852225507_6270149996372479711_n.jpg?_nc_cat=107&_nc_oc=AQnOZflEp7kTu58JnlrNLb9k_Dhhn_nikstwgfs1RiV6y-woqjGdwh7PV4l5g2UOCGc&_nc_ht=scontent.xx&oh=c4d2440f0798f7cc8261f3059dd42b5d&oe=5DB72CF1,0.0,2019-04-09,13,Martes,4,0.0
2019/04/09 13:15:52,0.0,photo,no,24,24,0,2,2,0,1,454,454,0,369,369,0,0.0,0.1343283582089552,0.1343283582089552,0,0.009828904259191846,0.009828904259191846,0,0.07317073170731708,0.07317073170731708,0,0.008736803785948308,0.0007280669821623589,20,0.0,https://www.instagram.com/p/BwCoibBljMs/,https://scontent.xx.fbcdn.net/v/t51.2885-15/54731758_165607434378565_3454338233730733571_n.jpg?_nc_cat=105&_nc_oc=AQlsE2Jua1hm-KTy1Oz_YQlSsoYlx5DxFWrvOKjWEAP6AEfSECNX_MxjinTHntRfkQk&_nc_ht=scontent.xx&oh=09e16435ee074c73d0d039125e2b98a7&oe=5DAFA8FE,0.0,2019-04-09,13,Martes,4,0.0
2019/04/09 13:16:18,0.0,photo,no,21,21,0,3,3,0,1,325,325,0,248,248,0,0.0,0.09028030578813251,0.09028030578813251,0,0.009100837277029487,0.009100837277029487,0,0.1008064516129032,0.1008064516129032,0,0.007644703312704769,0.001092100473243538,21,0.0,https://www.instagram.com/p/BwColiNlx_i/,https://scontent.xx.fbcdn.net/v/t51.2885-15/54511186_2271378432919130_5240861874979012937_n.jpg?_nc_cat=108&_nc_oc=AQkyYurs-DR6AkLGFxQ6Nia7GKRsd0BsIlWogGQlOcwYiBL_u1EXaZ1Kbc8t5xdTvjg&_nc_ht=scontent.xx&oh=f7dbcb5743565b7f452c0d663cac463e&oe=5D823FD4,0.0,2019-04-09,13,Martes,4,0.0
2019/04/15 18:04:05,0.0,photo,no,34,34,0,1,1,0,0,421,421,0,331,331,0,0.0,0.1199275362318841,0.1199275362318841,0,0.01268115942028986,0.01268115942028986,0,0.1057401812688822,0.1057401812688822,0,0.01231884057971014,0.0003623188405797102,18,0.0,https://www.instagram.com/p/BwSmSqEHU8N/,https://scontent.xx.fbcdn.net/v/t51.2885-15/56382773_2514175141940501_7833222483052760931_n.jpg?_nc_cat=102&_nc_oc=AQlRrvXTGoER-3MB_yLleE48FWenbfnINtI7Gx58zsUR3mg2anDsLIuazQSu0lEEO40&_nc_ht=scontent.xx&oh=d1c103114281a9b9c167cba21066a636&oe=5DC0CDF3,0.0,2019-04-15,18,Lunes,4,0.0
2019/04/16 13:13:22,0.0,video,no,24,24,0,1,1,0,1,497,497,0,359,359,0,95.0,0.1298842257597685,0.1298842257597685,0,0.009406657018813314,0.009406657018813314,0,0.07242339832869081,0.07242339832869081,0,0.008683068017366135,0.000361794500723589,20,0.0,https://www.instagram.com/p/BwUpxSpHgCq/,https://scontent.xx.fbcdn.net/v/t51.2885-15/56532483_2287941404755208_7688203288976367962_n.jpg?_nc_cat=108&_nc_oc=AQk71GYrGf-Xw5ii4Z8LHnw_gYafJw_QykDPAnx0sXoDxyeB1UPUvwoKhJIqVXTvoFM&_nc_ht=scontent.xx&oh=bd301ea83be95c02f8ace4fd28dc416d&oe=5D7C67B7,0.0,2019-04-16,13,Martes,4,0.2646239554317549
2019/04/17 17:41:46,0.0,photo,no,21,21,0,2,2,0,1,361,361,0,270,270,0,0.0,0.09757860498735091,0.09757860498735091,0,0.008673653776653415,0.008673653776653415,0,0.08888888888888889,0.08888888888888889,0,0.007589447054571739,0.0007228044813877846,17,0.0,https://www.instagram.com/p/BwXtU5VHI25/,https://scontent.xx.fbcdn.net/v/t51.2885-15/56215372_340124496708324_7805537934382665930_n.jpg?_nc_cat=110&_nc_oc=AQl7CKd7N4qZVK2KAYF-YXDZGf75xIp5Ci-Y13CQYiVJIIyVThFkeYzporUsQOfMM64&_nc_ht=scontent.xx&oh=1c44e827d98cd9e302851aef569cef6e&oe=5D7EDAB4,0.0,2019-04-17,17,Miércoles,4,0.0
2019/04/22 18:06:48,0.0,photo,no,15,15,0,1,1,0,1,283,283,0,186,186,0,0.0,0.0670028818443804,0.0670028818443804,0,0.006123919308357349,0.006123919308357349,0,0.0913978494623656,0.0913978494623656,0,0.005403458213256484,0.0003602305475504323,15,0.0,https://www.instagram.com/p/BwkoKr3HDSk/,https://scontent.xx.fbcdn.net/v/t51.2885-15/56529090_283385669237586_7399207127513049645_n.jpg?_nc_cat=108&_nc_oc=AQmle7xw1ShUYK0ayEnTbx0E0cYZu0q-8mO4Sw2MtssUtHcSgxoVaMCvHt0k5XplZC0&_nc_ht=scontent.xx&oh=f201eb61fd2c1606bceccd8c5bfeab1c&oe=5DBFDA10,0.0,2019-04-22,18,Lunes,4,0.0
2019/04/23 13:21:22,0.0,video,no,19,19,0,2,2,0,2,283,283,0,205,205,0,66.0,0.07384726224783862,0.07384726224783862,0,0.008285302593659942,0.008285302593659942,0,0.1121951219512195,0.1121951219512195,0,0.006844380403458214,0.0007204610951008646,19,0.0,https://www.instagram.com/p/BwmliDuHVVM/,https://scontent.xx.fbcdn.net/v/t51.2885-15/58453620_176684269992057_6161667618320970189_n.jpg?_nc_cat=100&_nc_oc=AQm0ub_idakU1GUc7dFBR_IctKR0Jg36QkbZvTAD9U6_C4pb9b4QEDmTtv1mp53wXEc&_nc_ht=scontent.xx&oh=a491181ed34cf7a0fd4517db523524fc&oe=5D7E2BD7,0.0,2019-04-23,13,Martes,4,0.32195121951219513
2019/04/24 17:29:41,0.0,carousel,no,15,15,0,3,3,0,2,460,460,0,250,250,0,0.0,0.09002520705797623,0.09002520705797623,0,0.007202016564638099,0.007202016564638099,0,0.08,0.08,0,0.005401512423478574,0.001080302484695715,15,0.0,https://www.instagram.com/p/BwptgiMHMct/,https://scontent.xx.fbcdn.net/v/t51.2885-15/58630009_680810249038669_2141226898256421194_n.jpg?_nc_cat=110&_nc_oc=AQmAk3cUiNmbAgZBCNXrgok8wYqYSTMeD92ENhmNaAPzT48ED_e65taK7lt_uX691-8&_nc_ht=scontent.xx&oh=550f8c5c14f107156a71effc3c0593fe&oe=5DAD2B02,0.0,2019-04-24,17,Miércoles,4,0.0
2019/05/09 19:38:10,0.0,photo,no,10,10,0,0,0,0,1,219,219,0,167,167,0,0.0,0.05974955277280859,0.05974955277280859,0,0.003935599284436494,0.003935599284436494,0,0.0658682634730539,0.0658682634730539,0,0.003577817531305904,0.0,15,0.0,https://www.instagram.com/p/BxQkIqMlUMZ/,https://scontent.xx.fbcdn.net/v/t51.2885-15/60181780_403234460267366_3926541539413872876_n.jpg?_nc_cat=100&_nc_oc=AQn2cr45q9gjsHBcCNUiHi9E_2HjK9lJh0XwS-7nrbxdJIli2Q63mdNceO4uGKYFUuA&_nc_ht=scontent.xx&oh=d4c1d26fbaf8f981d3c119ae00282572&oe=5DBB9A87,0.0,2019-05-09,19,Jueves,5,0.0
2019/05/09 19:40:01,0.0,photo,no,17,17,0,0,0,0,1,382,382,0,308,308,0,0.0,0.1101967799642218,0.1101967799642218,0,0.006440071556350626,0.006440071556350626,0,0.05844155844155845,0.05844155844155845,0,0.006082289803220036,0.0,15,0.0,https://www.instagram.com/p/BxQkWSBlQxS/,https://scontent.xx.fbcdn.net/v/t51.2885-15/58411024_394567887937356_58001527762686570_n.jpg?_nc_cat=103&_nc_oc=AQkfXZdidg-K0Nq9qXTx2JBuW_8-efKmmr5lE9rfnvj-L3DliOyJpePz__hnwvJpc6s&_nc_ht=scontent.xx&oh=e92c2939638fdcd549a3d63aa566f73c&oe=5D794B3B,0.0,2019-05-09,19,Jueves,5,0.0
2019/05/09 19:40:19,0.0,photo,no,19,19,0,0,0,0,1,413,413,0,321,321,0,0.0,0.1148479427549195,0.1148479427549195,0,0.007155635062611807,0.007155635062611807,0,0.06230529595015576,0.06230529595015576,0,0.006797853309481216,0.0,15,0.0,https://www.instagram.com/p/BxQkYZxlaZp/,https://scontent.xx.fbcdn.net/v/t51.2885-15/58409396_2095958017197664_7445582683302050676_n.jpg?_nc_cat=101&_nc_oc=AQmV1TUKLNBuVEr0nm6QIzT6WJPnuGVLoNA-BTIWc3GtocJ5apjfDXuVqBeGJoxhZNE&_nc_ht=scontent.xx&oh=b44ee0b0aab5d60830184e8dfc75f4e6&oe=5DB47D16,0.0,2019-05-09,19,Jueves,5,0.0
2019/05/10 13:47:28,0.0,photo,no,15,15,0,0,0,0,2,353,353,0,271,271,0,0.0,0.09709781440343963,0.09709781440343963,0,0.006091006807595844,0.006091006807595844,0,0.06273062730627306,0.06273062730627306,0,0.005374417771408097,0.0,17,0.0,https://www.instagram.com/p/BxSgy7VFkeG/,https://scontent.xx.fbcdn.net/v/t51.2885-15/58410983_2235354969890313_2556151954702124266_n.jpg?_nc_cat=110&_nc_oc=AQlfA9qwWH7x_HKKsxAReOVHEqwCKy6HiWa_xUIDU5oLa_VBvFQ6d3oraOJYGevLn9U&_nc_ht=scontent.xx&oh=835219a303be3527506a9b6007bbd5a4&oe=5D7F1BCD,0.0,2019-05-10,13,Viernes,5,0.0
2019/05/10 13:48:58,0.0,photo,no,15,15,0,0,0,0,2,256,256,0,188,188,0,0.0,0.06735936940164816,0.06735936940164816,0,0.006091006807595844,0.006091006807595844,0,0.09042553191489361,0.09042553191489361,0,0.005374417771408097,0.0,17,0.0,https://www.instagram.com/p/BxSg9-9FRXn/,https://scontent.xx.fbcdn.net/v/t51.2885-15/58410382_172999260362865_1373157438362223446_n.jpg?_nc_cat=101&_nc_oc=AQmcfV4PWTzg9tJiK66OhCfdfagv_gFwMsm6ZcQ1Vy9WZ61IvZLYDMcZHqivCiIJn7c&_nc_ht=scontent.xx&oh=cc7e3af1ca46d1c9b97395ebe970e7cb&oe=5D7BAD07,0.0,2019-05-10,13,Viernes,5,0.0
2019/05/10 13:49:26,0.0,photo,no,23,23,0,0,0,0,2,353,353,0,269,269,0,0.0,0.09638122536725188,0.09638122536725188,0,0.00895736295234683,0.00895736295234683,0,0.09293680297397769,0.09293680297397769,0,0.008240773916159082,0.0,18,0.0,https://www.instagram.com/p/BxShBa4Fdk7/,https://scontent.xx.fbcdn.net/v/t51.2885-15/58779175_442686489824314_34284114330661064_n.jpg?_nc_cat=106&_nc_oc=AQlx0mfdQFWx80sc8rXbSFxQReJ6Gm2PLp03C_AlKWTgnYmNPZNiCv-3fuQp980c7rk&_nc_ht=scontent.xx&oh=fa870612ba99bb6a2e23178d2ed2c373&oe=5DB37711,0.0,2019-05-10,13,Viernes,5,0.0
2019/05/12 11:32:38,0.0,photo,no,18,18,0,0,0,0,0,353,353,0,260,260,0,0.0,0.09298998569384835,0.09298998569384835,0,0.006437768240343348,0.006437768240343348,0,0.06923076923076923,0.06923076923076923,0,0.006437768240343348,0.0,1,0.0,https://www.instagram.com/p/BxXa9Nsl2xJ/,https://scontent.xx.fbcdn.net/v/t51.2885-15/58982206_400851904097423_8788517227938367616_n.jpg?_nc_cat=103&_nc_oc=AQmmSfOx_UQYTfCUdjH2KvnEBCBMqK2IHzGh3W5IbHqhDYFRRusWnjopdLcfzy3jyE4&_nc_ht=scontent.xx&oh=00925442c6baefa74399c3648c4cae9b&oe=5DBCC268,0.0,2019-05-12,11,Domingo,5,0.0
2019/05/13 18:40:18,0.0,video,no,26,26,0,2,2,0,0,467,467,0,333,333,0,84.0,0.1190561315695388,0.1190561315695388,0,0.01001072577761888,0.01001072577761888,0,0.08408408408408409,0.08408408408408409,0,0.009295673936360386,0.0007150518412584912,17,0.0,https://www.instagram.com/p/BxawoRkFbZR/,https://scontent.xx.fbcdn.net/v/t51.2885-15/60115349_2350810805240920_6777470956049909178_n.jpg?_nc_cat=109&_nc_oc=AQnDIr8Pv91Twoe3_HCvHQjbnZt-Jl4MBGfoV-yvykHiqa_7gq4MOB32ZBpSzjmp0Po&_nc_ht=scontent.xx&oh=801412d8d069bacd2c3c93f6c70ec405&oe=5DAEA39D,0.0,2019-05-13,18,Lunes,5,0.25225225225225223
2019/05/14 12:48:31,0.0,video,no,17,17,0,0,0,0,0,357,357,0,277,277,0,56.0,0.09896391568417291,0.09896391568417291,0,0.006073597713469096,0.006073597713469096,0,0.06137184115523466,0.06137184115523466,0,0.006073597713469096,0.0,18,0.0,https://www.instagram.com/p/BxctIzIFnIK/,https://scontent.xx.fbcdn.net/v/t51.2885-15/58652738_395657201282198_4369333461135569627_n.jpg?_nc_cat=103&_nc_oc=AQnA7qzZK_KKhwxKFnp3p9wXqkiKlAXmJbqo6kim_n0hls5K8pEf-xFFn6yOxSpWsx0&_nc_ht=scontent.xx&oh=91d6468f7c3822dc1f54882e84a0648e&oe=5DB8BCA2,0.0,2019-05-14,12,Martes,5,0.20216606498194944
2019/05/17 15:04:31,0.0,photo,no,23,23,0,0,0,0,1,300,300,0,233,233,0,0.0,0.08227401129943504,0.08227401129943504,0,0.00847457627118644,0.00847457627118644,0,0.1030042918454936,0.1030042918454936,0,0.008121468926553672,0.0,16,0.0,https://www.instagram.com/p/BxkrLdgF7_D/,https://scontent.xx.fbcdn.net/v/t51.2885-15/59795786_925221787818399_7967552288302449394_n.jpg?_nc_cat=103&_nc_oc=AQkpxYY6qOQbxvtkgyTcoU73KRLgT2jejQvrQU7T0n82XECG5b5rnzA6qERQPnrh4zw&_nc_ht=scontent.xx&oh=e0e5f4d3ed786a722433a5ec4ad23c9c&oe=5DC0D660,0.0,2019-05-17,15,Viernes,5,0.0
2019/05/17 15:04:41,0.0,photo,no,12,12,0,0,0,0,1,239,239,0,192,192,0,0.0,0.06779661016949153,0.06779661016949153,0,0.004590395480225989,0.004590395480225989,0,0.06770833333333333,0.06770833333333333,0,0.00423728813559322,0.0,16,0.0,https://www.instagram.com/p/BxkrMprlIzO/,https://scontent.xx.fbcdn.net/v/t51.2885-15/60523160_395458641042239_3060750109957250510_n.jpg?_nc_cat=101&_nc_oc=AQmQBz4-U6PiCYfawCb24gpfFjFT3R9aOGY2m3bgnPFcSYNlbnhJ7qAByltDQE1ERIQ&_nc_ht=scontent.xx&oh=e3017256f36d84150b4c4cb2715daa4f&oe=5DC72997,0.0,2019-05-17,15,Viernes,5,0.0
2019/05/17 15:05:03,0.0,photo,no,23,23,0,0,0,0,1,242,242,0,188,188,0,0.0,0.06638418079096045,0.06638418079096045,0,0.00847457627118644,0.00847457627118644,0,0.1276595744680851,0.1276595744680851,0,0.008121468926553672,0.0,16,0.0,https://www.instagram.com/p/BxkrPXuFILm/,https://scontent.xx.fbcdn.net/v/t51.2885-15/59434001_2299447073634314_9158245021539808439_n.jpg?_nc_cat=108&_nc_oc=AQl6pki7-nxf1kNdnAHQYJ7cmiZkhFl0wovhiDP30jJxPIOarhy2fzX38lTY-puEUBE&_nc_ht=scontent.xx&oh=b2dae5082e5bf3c26bc3af7834896a87&oe=5D8194F7,0.0,2019-05-17,15,Viernes,5,0.0
2019/05/20 17:51:43,0.0,photo,no,34,34,0,6,6,0,0,568,568,0,385,385,0,0.0,0.1359463276836158,0.1359463276836158,0,0.01412429378531074,0.01412429378531074,0,0.1038961038961039,0.1038961038961039,0,0.01200564971751412,0.00211864406779661,18,0.0,https://www.instagram.com/p/BxsssrLhMLP/,https://scontent.xx.fbcdn.net/v/t51.2885-15/59880722_175667476770138_8378800482995655655_n.jpg?_nc_cat=108&_nc_oc=AQmoPRsmZdcdoz3nhFj8JuoAB5ZeFLxNlhUY14lS4GqXj0REthUpO4mttjIzmBFxUi4&_nc_ht=scontent.xx&oh=0fd534ed8c94a1cd494e3854db7e2b25&oe=5D809EAB,0.0,2019-05-20,17,Lunes,5,0.0
2019/05/21 16:10:28,0.0,video,no,20,20,0,0,0,0,0,354,354,0,271,271,0,69.0,0.09569209039548023,0.09569209039548023,0,0.007062146892655368,0.007062146892655368,0,0.07380073800738007,0.07380073800738007,0,0.007062146892655368,0.0,17,0.0,https://www.instagram.com/p/BxvFvDugoZv/,https://scontent.xx.fbcdn.net/v/t51.2885-15/60218985_1058315891020697_7558037630720073844_n.jpg?_nc_cat=105&_nc_oc=AQma-3-VYUiJFDVZnU-bWeG1z5AuqhNIUhl-iyNaVMsvVLpbl7kn4wF6TwvITbMiu6I&_nc_ht=scontent.xx&oh=a112a8a9c803401f8dd4bc2fde4ea424&oe=5D7BA793,0.0,2019-05-21,16,Martes,5,0.25461254612546125
2019/05/23 18:09:56,0.0,video,no,33,33,0,1,1,0,0,547,547,0,414,414,0,125.0,0.1457746478873239,0.1457746478873239,0,0.01197183098591549,0.01197183098591549,0,0.08212560386473429,0.08212560386473429,0,0.01161971830985915,0.000352112676056338,18,0.0,https://www.instagram.com/p/Bx0dEIAgGPr/,https://scontent.xx.fbcdn.net/v/t51.2885-15/59870885_1287276018114134_1734743146555315896_n.jpg?_nc_cat=109&_nc_oc=AQkCTZUjwBtfDAcCvFUwdrIUlSHvmTrlZqLljIZBB-w38TElXMf6FN6kk3Xr1LADgzQ&_nc_ht=scontent.xx&oh=bbcb508049986a6962a673cfc9f33249&oe=5DB007C9,0.0,2019-05-23,18,Jueves,5,0.30193236714975846
2019/05/27 15:58:03,0.0,photo,no,11,11,0,0,0,0,0,339,339,0,256,256,0,0.0,0.09007741027445461,0.09007741027445461,0,0.003870513722730471,0.003870513722730471,0,0.04296875,0.04296875,0,0.003870513722730471,0.0,18,0.0,https://www.instagram.com/p/Bx-hQTulp9K/,https://scontent.xx.fbcdn.net/v/t51.2885-15/60143040_140443437030763_8130221622473630385_n.jpg?_nc_cat=108&_nc_oc=AQndgPi5Ps1O8EvzIH14F-7mU7BntTE5X0Rzv7KU1v_bYQW4IlTu6Jq9KDF_ErwNVaw&_nc_ht=scontent.xx&oh=7479ab1dc9e517a268993ea1e731b866&oe=5DC70424,0.0,2019-05-27,15,Lunes,5,0.0
2019/05/27 16:27:06,0.0,video,no,10,10,0,1,1,0,0,309,309,0,223,223,0,45.0,0.0784658691062632,0.0784658691062632,0,0.003870513722730471,0.003870513722730471,0,0.04932735426008969,0.04932735426008969,0,0.003518648838845883,0.0003518648838845883,9,0.0,https://www.instagram.com/p/Bx-kQEsFSPq/,https://scontent.xx.fbcdn.net/v/t51.2885-15/60744260_157914738581066_4487192206472548890_n.jpg?_nc_cat=107&_nc_oc=AQlhT-2WJLDVIacD7N5OWmqHSqmoxx9gAyXobUTqXPH1L8L7fiVkjcKIa7W6P-FST_U&_nc_ht=scontent.xx&oh=69c3a8645b147091a8976c4d28a352bd&oe=5DB5ABC8,0.0,2019-05-27,16,Lunes,5,0.20179372197309417
2019/06/03 15:56:13,0.0,video,no,13,13,0,0,0,0,0,314,314,0,216,216,0,70.0,0.07610993657505284,0.07610993657505284,0,0.004580690627202256,0.004580690627202256,0,0.06018518518518518,0.06018518518518518,0,0.004580690627202256,0.0,0,0.0,https://www.instagram.com/p/ByQiecmAlHF/,https://scontent.xx.fbcdn.net/v/t51.2885-15/62013636_1601128170022146_1294679156700992109_n.jpg?_nc_cat=108&_nc_oc=AQlngF9bxkgZPlNuuBpoCpmpXpMum-LkEcbv3ptDCo9qYuPA91GlcAmnwPOiuf34hfY&_nc_ht=scontent.xx&oh=6601cf4c38ce7d5d226be590a6016d3d&oe=5D784E84,0.0,2019-06-03,15,Lunes,6,0.32407407407407407
2019/06/04 17:06:46,0.0,photo,no,15,15,0,0,0,0,2,410,410,0,319,319,0,0.0,0.1121265377855888,0.1121265377855888,0,0.005975395430579965,0.005975395430579965,0,0.05329153605015674,0.05329153605015674,0,0.005272407732864675,0.0,29,0.0,https://www.instagram.com/p/ByTPelEFmH6/,https://scontent.xx.fbcdn.net/v/t51.2885-15/60753256_380261399281363_1290773392011284322_n.jpg?_nc_cat=109&_nc_oc=AQnikPwDb72qhn-s5CuN2yBbwacz1DtOS3UgcjFrfT68j2dIZjz--Vo94AyTPdxkgZM&_nc_ht=scontent.xx&oh=6ed65c2cb5ff56761ac2fdd305570045&oe=5D833B83,0.0,2019-06-04,17,Martes,6,0.0
2019/06/05 16:37:35,0.0,video,no,24,24,0,0,0,0,0,428,428,0,319,319,0,103.0,0.1120477695820162,0.1120477695820162,0,0.008429926238145416,0.008429926238145416,0,0.07523510971786834,0.07523510971786834,0,0.008429926238145417,0.0,18,0.0,https://www.instagram.com/p/ByVw63flCS5/,https://scontent.xx.fbcdn.net/v/t51.2885-15/61202348_1013572125519466_7544852986869591176_n.jpg?_nc_cat=102&_nc_oc=AQkAF-I0ZEhuvkb4ku49G0W3TLqcEFjQusQq1arBmvtJmTJUsW2PM981fk8zpMmLVh0&_nc_ht=scontent.xx&oh=672b0776ce0713418b0ef5d60797abb9&oe=5D8058A8,0.0,2019-06-05,16,Miércoles,6,0.322884012539185
2019/06/06 17:36:56,0.0,photo,no,6,6,0,0,0,0,1,281,281,0,207,207,0,0.0,0.07270811380400423,0.07270811380400423,0,0.002458728486125746,0.002458728486125746,0,0.03381642512077295,0.03381642512077295,0,0.002107481559536354,0.0,20,0.0,https://www.instagram.com/p/ByYchNvlFpw/,https://scontent.xx.fbcdn.net/v/t51.2885-15/62178161_893366721026486_2692299141101948552_n.jpg?_nc_cat=102&_nc_oc=AQm60yQzyDCv2OEjHHHG4aWTUaOYy8QsCKRBmTc1gNMANptJS5ftAuTnwO8GY8BCFWM&_nc_ht=scontent.xx&oh=84b5730300930662037be7a6ba29a018&oe=5D7B0D18,0.0,2019-06-06,17,Jueves,6,0.0
2019/06/06 17:37:05,0.0,photo,no,10,10,0,0,0,0,1,307,307,0,251,251,0,0.0,0.08816297857393747,0.08816297857393747,0,0.003863716192483316,0.003863716192483316,0,0.04382470119521912,0.04382470119521912,0,0.003512469265893923,0.0,20,0.0,https://www.instagram.com/p/ByYciY4lWqM/,https://scontent.xx.fbcdn.net/v/t51.2885-15/60493202_2270254399749080_7504323287194155180_n.jpg?_nc_cat=110&_nc_oc=AQmlyGRP27H8Gz1jMG8mvW_rlftbmhFO-W2AGoS_USLbVTS719zuK-kFgzd05l25K8o&_nc_ht=scontent.xx&oh=67ed16ddc6b12902a6caea916f5498d6&oe=5DBEB7B6,0.0,2019-06-06,17,Jueves,6,0.0
2019/06/06 17:37:13,0.0,photo,no,13,13,0,0,0,0,1,399,399,0,300,300,0,0.0,0.1053740779768177,0.1053740779768177,0,0.004917456972251493,0.004917456972251493,0,0.04666666666666667,0.04666666666666667,0,0.0045662100456621,0.0,20,0.0,https://www.instagram.com/p/ByYcjYtFWCc/,https://scontent.xx.fbcdn.net/v/t51.2885-15/61412595_2295462187202950_9167272717677384408_n.jpg?_nc_cat=106&_nc_oc=AQlGiuSzq943ntSkkDLG85AyPM3FKFxExmdhxYiG5RSFaeKvth8me9z2coxJuf28r7c&_nc_ht=scontent.xx&oh=93fce0ada88a872da3756415bf4f96bb&oe=5DB1C139,0.0,2019-06-06,17,Jueves,6,0.0
2019/06/07 13:00:19,0.0,photo,no,4,4,0,1,1,0,1,292,292,0,209,209,0,0.0,0.07338483146067416,0.07338483146067416,0,0.002106741573033708,0.002106741573033708,0,0.02870813397129186,0.02870813397129186,0,0.001404494382022472,0.000351123595505618,18,0.0,https://www.instagram.com/p/ByahqLMl5n4/,https://scontent.xx.fbcdn.net/v/t51.2885-15/62655443_139992720445041_3721980244652698195_n.jpg?_nc_cat=104&_nc_oc=AQlwzMjY92DYtzqmLpdz5AxhJX-ovvqGo7vD1vXFK38-8KZUCGZnvSLIw_Sfge38MNM&_nc_ht=scontent.xx&oh=2cfb00e68d15c6d31d4b478a709b1d2f&oe=5D7A6448,0.0,2019-06-07,13,Viernes,6,0.0
2019/06/07 13:00:40,0.0,photo,no,7,7,0,2,2,0,1,370,370,0,271,271,0,0.0,0.09515449438202248,0.09515449438202248,0,0.003511235955056179,0.003511235955056179,0,0.03690036900369004,0.03690036900369004,0,0.002457865168539326,0.000702247191011236,18,0.0,https://www.instagram.com/p/Byahsp7l9UK/,https://scontent.xx.fbcdn.net/v/t51.2885-15/62266411_170018414020695_1090748120933966024_n.jpg?_nc_cat=111&_nc_oc=AQklqvi9JmiuakrwGT7ei-wQYmolmuFJPRWKqTXK2PVjxvG8pI4MdMQihuVjV6UyOhQ&_nc_ht=scontent.xx&oh=3a35e9c4edb1e568e0651efc72d84e01&oe=5DC35973,0.0,2019-06-07,13,Viernes,6,0.0
2019/06/07 13:01:19,0.0,photo,no,12,12,0,0,0,0,1,295,295,0,215,215,0,0.0,0.07549157303370786,0.07549157303370786,0,0.004564606741573033,0.004564606741573033,0,0.06046511627906977,0.06046511627906977,0,0.004213483146067415,0.0,18,0.0,https://www.instagram.com/p/Byahxg7FTX3/,https://scontent.xx.fbcdn.net/v/t51.2885-15/60821120_115499503032343_7792283536757575171_n.jpg?_nc_cat=103&_nc_oc=AQmrKim7VNQW1rbXG_-QEU37-AcmYv240BdzIIhz4uzBiy3aK-H4-OnUVvid6RoIzi4&_nc_ht=scontent.xx&oh=3ff0bf73302817b6d3c5135772cffa75&oe=5D816CAE,0.0,2019-06-07,13,Viernes,6,0.0
2019/06/11 13:32:53,0.0,photo,no,36,36,0,1,1,0,0,784,784,0,636,636,0,0.0,0.2224554039874082,0.2224554039874082,0,0.01294158796782092,0.01294158796782092,0,0.05817610062893082,0.05817610062893082,0,0.01259181532004197,0.0003497726477789437,17,0.0,https://www.instagram.com/p/Byk4kL7FqQS/,https://scontent.xx.fbcdn.net/v/t51.2885-15/61410490_851036555250949_8330659765538368636_n.jpg?_nc_cat=110&_nc_oc=AQkEfebYIYlZwAuFUOX8djUD-ttgWZ13iiZGa8keC-0Lay-QY9ADbAlYtL1C8OTYZrE&_nc_ht=scontent.xx&oh=9285f5569ebbec1da4bb222e74a34dd9&oe=5D8317E8,0.0,2019-06-11,13,Martes,6,0.0
2019/06/12 18:00:12,0.0,photo,no,11,11,0,0,0,0,3,307,307,0,228,228,0,0.0,0.07969241523942677,0.07969241523942677,0,0.004893393918210416,0.004893393918210416,0,0.06140350877192983,0.06140350877192983,0,0.003844809507165327,0.0,18,0.0,https://www.instagram.com/p/Byn784dFBF7/,https://scontent.xx.fbcdn.net/v/t51.2885-15/61440912_145663983281636_3643190498370095724_n.jpg?_nc_cat=109&_nc_oc=AQm6WACP3epy1ik3u0cu3CHmM0B-C8HCSeTHP9a9ARvhHTaEXfNSgZUwK2Awv3syO60&_nc_ht=scontent.xx&oh=b0dd421b1d6ec6111bee04b22ebf6e7e&oe=5DB1FF47,0.0,2019-06-12,18,Miércoles,6,0.0
2019/06/12 18:01:27,0.0,video,no,19,19,0,0,0,0,3,416,416,0,314,314,0,93.0,0.1097518350227193,0.1097518350227193,0,0.007689619014330654,0.007689619014330654,0,0.07006369426751592,0.07006369426751592,0,0.006641034603285565,0.0,18,0.0,https://www.instagram.com/p/Byn8EaCFuH_/,https://scontent.xx.fbcdn.net/v/t51.2885-15/62389335_2281207298863512_3722019857921981548_n.jpg?_nc_cat=103&_nc_oc=AQlkqsYPi4lF9V-NS5SK0DR4WmKVAEePYRr-yzeR8XV_mmBczxagNBIEOcjM1yS9IJs&_nc_ht=scontent.xx&oh=2005d8541d1b66e88d39eb5ca0f1afa4&oe=5DBCDE6D,0.0,2019-06-12,18,Miércoles,6,0.2961783439490446
2019/06/12 18:01:31,0.0,photo,no,16,16,0,0,0,0,4,367,367,0,276,276,0,0.0,0.0964697658161482,0.0964697658161482,0,0.006990562740300594,0.006990562740300594,0,0.07246376811594203,0.07246376811594203,0,0.005592450192240476,0.0,18,0.0,https://www.instagram.com/p/Byn8GgalFCx/,https://scontent.xx.fbcdn.net/v/t51.2885-15/61331370_2858373037818132_7265303059887161439_n.jpg?_nc_cat=111&_nc_oc=AQlJOvt2UKxfYOEfM31KreTeliI_5vF05-MVpV2lhgyTPyWx0PvGTiquXdvH5NjFglc&_nc_ht=scontent.xx&oh=f2643d7700cae973d7c827bb0c002ade&oe=5D8272BE,0.0,2019-06-12,18,Miércoles,6,0.0
2019/06/16 17:37:38,0.0,video,no,22,22,0,0,0,0,1,471,471,0,333,333,0,125.0,0.1163522012578616,0.1163522012578616,0,0.00803633822501747,0.00803633822501747,0,0.06906906906906907,0.06906906906906907,0,0.007686932215234103,0.0,1,0.0,https://www.instagram.com/p/ByyMgJ4F6qm/,https://scontent.xx.fbcdn.net/v/t51.2885-15/61743794_403877910212023_8646324578634716832_n.jpg?_nc_cat=107&_nc_oc=AQmJ0MHMEWDMSAgG9M_pR9yk6ul9sS_GsD0tALVwAm7q0Ju_YWjOF2qoli_HoOC_nlc&_nc_ht=scontent.xx&oh=bf637c01d21818e3c632ffe17e91dd91&oe=5DB79413,0.0,2019-06-16,17,Domingo,6,0.37537537537537535
2019/06/17 16:45:00,0.0,video,no,23,23,0,1,1,0,1,487,487,0,348,348,0,98.0,0.1215508208173245,0.1215508208173245,0,0.008732099196646874,0.008732099196646874,0,0.07183908045977011,0.07183908045977011,0,0.008033531260915125,0.000349283967865875,20,0.0,https://www.instagram.com/p/By0rP2gFLBU/,https://scontent.xx.fbcdn.net/v/t51.2885-15/61726516_833113133724585_6747165171982061551_n.jpg?_nc_cat=108&_nc_oc=AQmTv8nXtZAQN8KjIhV5cdawa8Ke4KPhcwA0403F3ObFDFoARQD8G9hRFdY-dHjSHok&_nc_ht=scontent.xx&oh=086bab8517097b3d999379d250ff7362&oe=5DABF5D5,0.0,2019-06-17,16,Lunes,6,0.28160919540229884
2019/06/18 18:07:46,0.0,video,no,11,11,0,1,1,0,0,385,385,0,280,280,0,67.0,0.0978336827393431,0.0978336827393431,0,0.00419287211740042,0.00419287211740042,0,0.04285714285714286,0.04285714285714286,0,0.003843466107617051,0.0003494060097833683,21,0.0,https://www.instagram.com/p/By3ZjRxAGle/,https://scontent.xx.fbcdn.net/v/t51.2885-15/64606717_458118181421704_5451681641438747808_n.jpg?_nc_cat=104&_nc_oc=AQn4YaebZR-NDbEYvlceIkcjZDXe3ViZ5EkopPNXDDNC5F2CKaZSVA-dWJqHQi77lw4&_nc_ht=scontent.xx&oh=545ae51cc71a53ad002b1762cf91a417&oe=5D7D63C0,0.0,2019-06-18,18,Martes,6,0.2392857142857143
2019/06/20 20:04:06,0.0,video,no,14,14,0,1,1,0,1,489,489,0,346,346,0,89.0,0.1208522528815927,0.1208522528815927,0,0.005588543485854,0.005588543485854,0,0.04624277456647399,0.04624277456647399,0,0.004889975550122249,0.000349283967865875,20,0.0,https://www.instagram.com/p/By8wdwZFUdQ/,https://scontent.xx.fbcdn.net/v/t51.2885-15/61841775_122317399012228_2286728679004611544_n.jpg?_nc_cat=101&_nc_oc=AQmacaIqDQ764LkWf8p9LZcfz-tmCVzGx6ZGCTE75GirCz_WdqwP05Lw40XYTo7sXZ8&_nc_ht=scontent.xx&oh=aa944589419f0424aa62ede8526d6a39&oe=5D7DBFE9,0.0,2019-06-20,20,Jueves,6,0.25722543352601157
2019/06/24 17:07:08,0.0,carousel,no,24,24,0,1,1,0,0,891,891,0,498,498,0,0.0,0.1737007324729683,0.1737007324729683,0,0.008719916288803628,0.008719916288803628,0,0.05020080321285141,0.05020080321285141,0,0.008371119637251482,0.0003487966515521451,17,0.0,https://www.instagram.com/p/BzGvaxxluiH/,https://scontent.xx.fbcdn.net/v/t51.2885-15/64563192_177940926548435_8401456842760754778_n.jpg?_nc_cat=100&_nc_oc=AQnKKE2RvhF5sMHY-jN58f6Wc2KCBoiYD9nF5BHysikFJvMRKfuU9zn064EQChvl4mc&_nc_ht=scontent.xx&oh=e5d044ceb3e8be013371f23ed0ce55ee&oe=5DB75574,0.0,2019-06-24,17,Lunes,6,0.0
2019/06/27 19:10:03,0.0,video,no,11,11,0,0,0,0,0,355,355,0,262,262,0,96.0,0.09128919860627177,0.09128919860627177,0,0.003832752613240418,0.003832752613240418,0,0.04198473282442748,0.04198473282442748,0,0.003832752613240418,0.0,17,0.0,https://www.instagram.com/p/BzOr1QmFUUl/,https://scontent.xx.fbcdn.net/v/t51.2885-15/64272730_138514304007626_1704303352932886533_n.jpg?_nc_cat=103&_nc_oc=AQm3GYjVSKv2THahNYf0Zfzmsig7geT0Vsn0y7i9WLT2LOAKymr5DnLdEnDnG2AgVY4&_nc_ht=scontent.xx&oh=ee7e6137b7bf8f29245fbea67184f91f&oe=5DB65C55,0.0,2019-06-27,19,Jueves,6,0.366412213740458
